id,firstName,lastName,email
1,Dud,Ishak,dishak0@alexa.com
2,Jolyn,Bragg,jbragg1@go.com
3,Sallie,Gaw,sgaw2@mit.edu
4,Belle,De Biasi,bdebiasi3@ucla.edu
5,Bing,Filov,bfilov4@engadget.com
6,West,Douberday,wdouberday5@mozilla.org
7,Marion,Northridge,mnorthridge6@newsvine.com
8,Hillary,Whittle,hwhittle7@free.fr
9,Standford,Semour,ssemour8@live.com
10,Babs,Orridge,borridge9@exblog.jp
11,Arliene,Dunnett,adunnetta@microsoft.com
12,Anabal,Bick,abickb@icq.com
13,Thelma,Hoodlass,thoodlassc@ucsd.edu
14,Othello,Sperrett,osperrettd@feedburner.com
15,Kristal,Herche,kherchee@cbslocal.com
16,Archibaldo,Goldberg,agoldbergf@ted.com
17,Traver,Sutheran,tsutherang@wired.com
18,Noelani,Baggally,nbaggallyh@discuz.net
19,Maye,Peetermann,mpeetermanni@rambler.ru
20,Barbara,Coleyshaw,bcoleyshawj@unc.edu
21,Fania,Rewan,frewank@msu.edu
22,Wolfgang,Oakes,woakesl@illinois.edu
23,Ade,O' Timony,aotimonym@gov.uk
24,Cherrita,Dyers,cdyersn@wikimedia.org
25,Ram,Picknett,rpicknetto@sitemeter.com
26,Lauree,Welbelove,lwelbelovep@wikipedia.org
27,Christie,Fleischer,cfleischerq@earthlink.net
28,Winthrop,Hamm,whammr@virginia.edu
29,Cedric,Thring,cthrings@cpanel.net
30,Lenci,Skipsey,lskipseyt@oaic.gov.au
31,Marna,Breen,mbreenu@gravatar.com
32,Moss,Doret,mdoretv@flavors.me
33,Goldie,Garland,ggarlandw@webeden.co.uk
34,Arlena,Armytage,aarmytagex@cocolog-nifty.com
35,Ianthe,Hamlen,ihamleny@sakura.ne.jp
36,Mame,Kenworth,mkenworthz@gmpg.org
37,Joletta,O'Keefe,jokeefe10@artisteer.com
38,Demetris,Golby,dgolby11@privacy.gov.au
39,Brianna,Benez,bbenez12@ustream.tv
40,Gratia,Mahedy,gmahedy13@sbwire.com
41,Allissa,Kensall,akensall14@de.vu
42,Ingaberg,Laba,ilaba15@jalbum.net
43,Glory,Babalola,gbabalola16@deviantart.com
44,Yorke,Hemms,yhemms17@phpbb.com
45,Haskel,Najara,hnajara18@twitpic.com
46,Lennie,Portress,lportress19@seesaa.net
47,Fabian,Goodoune,fgoodoune1a@yellowbook.com
48,Valentin,Lambarton,vlambarton1b@ebay.com
49,Colas,Abrahamsen,cabrahamsen1c@deviantart.com
50,Christabella,O'Scully,coscully1d@samsung.com
51,Bennie,Trinke,btrinke1e@hatena.ne.jp
52,Cristian,Mackleden,cmackleden1f@wufoo.com
53,Rufus,Santello,rsantello1g@trellian.com
54,Smith,Songust,ssongust1h@prlog.org
55,Jeni,Rodger,jrodger1i@cnet.com
56,Constanta,Comiam,ccomiam1j@who.int
57,Burty,Cutbirth,bcutbirth1k@domainmarket.com
58,Keefer,Caddie,kcaddie1l@nsw.gov.au
59,Jarib,Ankers,jankers1m@linkedin.com
60,Nikita,Rennolds,nrennolds1n@arizona.edu
61,Norris,Millson,nmillson1o@bizjournals.com
62,Tait,O' Culligan,toculligan1p@biglobe.ne.jp
63,Mabel,Ferrarone,mferrarone1q@slate.com
64,Shepherd,Doud,sdoud1r@uiuc.edu
65,Alvin,Larmour,alarmour1s@hatena.ne.jp
66,May,Tellwright,mtellwright1t@youtu.be
67,Bret,Vallens,bvallens1u@tumblr.com
68,Gertrudis,Creavan,gcreavan1v@biglobe.ne.jp
69,Bev,Bolino,bbolino1w@bbb.org
70,Gilberte,Hedgeman,ghedgeman1x@topsy.com
71,Alf,Hacquoil,ahacquoil1y@rambler.ru
72,Clemens,Gallager,cgallager1z@bbc.co.uk
73,Ezra,Kares,ekares20@unc.edu
74,Ugo,Coom,ucoom21@symantec.com
75,Arthur,Ruggiero,aruggiero22@phpbb.com
76,Rockey,Kindall,rkindall23@elpais.com
77,Rurik,Farrear,rfarrear24@symantec.com
78,Nichole,Dillow,ndillow25@techcrunch.com
79,Jorge,Brydie,jbrydie26@people.com.cn
80,Albrecht,Defries,adefries27@noaa.gov
81,Murvyn,Longstaff,mlongstaff28@webs.com
82,Ewan,Crosland,ecrosland29@cloudflare.com
83,Jacynth,Weond,jweond2a@google.ru
84,Genni,Butt Gow,gbuttgow2b@360.cn
85,Ardelis,Loyley,aloyley2c@free.fr
86,Sholom,Furtado,sfurtado2d@jiathis.com
87,Hedwig,Linn,hlinn2e@redcross.org
88,Rutherford,Blacksell,rblacksell2f@usgs.gov
89,Rice,Scrinage,rscrinage2g@statcounter.com
90,Kerry,Kleynen,kkleynen2h@unicef.org
91,Deny,Frisel,dfrisel2i@e-recht24.de
92,Julee,Chaff,jchaff2j@youtu.be
93,Georgie,Eakly,geakly2k@squidoo.com
94,Euell,Snoddy,esnoddy2l@blogger.com
95,Daffie,Jarrold,djarrold2m@barnesandnoble.com
96,Elysia,Frewer,efrewer2n@blinklist.com
97,Kimball,Manie,kmanie2o@geocities.jp
98,Durand,Perell,dperell2p@unc.edu
99,Greta,Haigh,ghaigh2q@vimeo.com
100,Oberon,Worswick,oworswick2r@cnet.com
101,Martin,Ridesdale,mridesdale2s@mit.edu
102,Curcio,Pitherick,cpitherick2t@weather.com
103,Sherwynd,Slimings,sslimings2u@oaic.gov.au
104,Seumas,Suarez,ssuarez2v@nytimes.com
105,Sisile,Louis,slouis2w@mediafire.com
106,Kilian,Pittam,kpittam2x@blogspot.com
107,Vivyanne,Ashmore,vashmore2y@xinhuanet.com
108,Aksel,Hortop,ahortop2z@ifeng.com
109,Birk,Alves,balves30@devhub.com
110,Lauren,Eliesco,leliesco31@foxnews.com
111,Eugene,Moyles,emoyles32@qq.com
112,Karoline,Hourston,khourston33@eepurl.com
113,Stormi,Crowley,scrowley34@pagesperso-orange.fr
114,Daria,Zielinski,dzielinski35@google.com.au
115,Selby,Caveney,scaveney36@sourceforge.net
116,Cooper,Fanthome,cfanthome37@skype.com
117,Valentijn,O'Hollegan,vohollegan38@shareasale.com
118,Bobbe,O'Moylane,bomoylane39@flickr.com
119,Erinna,Raeside,eraeside3a@vimeo.com
120,Aili,Saiger,asaiger3b@zimbio.com
121,Chrotoem,de Chastelain,cdechastelain3c@photobucket.com
122,Adella,MacCall,amaccall3d@soundcloud.com
123,Leroi,Paulucci,lpaulucci3e@elegantthemes.com
124,Audrie,Barnhill,abarnhill3f@dropbox.com
125,Oswald,Domenget,odomenget3g@hp.com
126,Hagen,Blackston,hblackston3h@mayoclinic.com
127,Morris,Ducarne,mducarne3i@trellian.com
128,Aarika,Buddle,abuddle3j@indiatimes.com
129,Carolann,Bramwell,cbramwell3k@nydailynews.com
130,Marcela,Spencers,mspencers3l@opensource.org
131,Dulcine,Honatsch,dhonatsch3m@youku.com
132,Fons,O'Malley,fomalley3n@craigslist.org
133,Dimitri,Rasor,drasor3o@live.com
134,Leanna,Burwood,lburwood3p@sakura.ne.jp
135,Frances,Goady,fgoady3q@chron.com
136,Chantal,McCane,cmccane3r@t-online.de
137,Lewie,Harness,lharness3s@webs.com
138,Blinni,Boughey,bboughey3t@soundcloud.com
139,Arluene,Scad,ascad3u@hugedomains.com
140,Gareth,Shovel,gshovel3v@xrea.com
141,Horacio,Bremmell,hbremmell3w@ibm.com
142,Georgina,Westcot,gwestcot3x@soup.io
143,Nari,Chevers,nchevers3y@sina.com.cn
144,Ralina,Hankin,rhankin3z@cdbaby.com
145,Cybill,Lantaff,clantaff40@sphinn.com
146,Mac,Warrillow,mwarrillow41@arstechnica.com
147,Mitch,MacEllen,mmacellen42@newyorker.com
148,Meir,Avramov,mavramov43@aol.com
149,Merrile,Bomb,mbomb44@webs.com
150,Bathsheba,Waker,bwaker45@gov.uk
151,Sunny,Corhard,scorhard46@cloudflare.com
152,Shayna,Rappa,srappa47@elpais.com
153,Zita,Duiguid,zduiguid48@yahoo.co.jp
154,Franky,Boobier,fboobier49@acquirethisname.com
155,Kristos,Gilhooley,kgilhooley4a@livejournal.com
156,Aubert,Thornally,athornally4b@about.com
157,Lucretia,Ianno,lianno4c@webnode.com
158,Urban,Whitlow,uwhitlow4d@a8.net
159,Harold,Rhubottom,hrhubottom4e@wordpress.com
160,Catharina,Banville,cbanville4f@gnu.org
161,Clerc,Walework,cwalework4g@fda.gov
162,Randi,Tonbye,rtonbye4h@cdc.gov
163,Louie,Crosscombe,lcrosscombe4i@jiathis.com
164,Arch,Shortell,ashortell4j@toplist.cz
165,Leigh,Privost,lprivost4k@phoca.cz
166,Nicola,Oakenfall,noakenfall4l@goo.ne.jp
167,Ira,Gresham,igresham4m@harvard.edu
168,Shandie,Slee,sslee4n@sbwire.com
169,Archambault,Oscroft,aoscroft4o@hibu.com
170,Myrwyn,Kiledal,mkiledal4p@cnbc.com
171,Robinett,Hradsky,rhradsky4q@angelfire.com
172,Daniel,Duthy,dduthy4r@patch.com
173,Daveen,D'Errico,dderrico4s@qq.com
174,Jaquelyn,Fer,jfer4t@army.mil
175,Anallise,Edgerly,aedgerly4u@seesaa.net
176,Hilary,Marcroft,hmarcroft4v@disqus.com
177,Kippar,Butner,kbutner4w@gizmodo.com
178,Brant,Benezeit,bbenezeit4x@4shared.com
179,Rachele,Bissett,rbissett4y@youtube.com
180,Moishe,Pridham,mpridham4z@japanpost.jp
181,Bran,Robbey,brobbey50@scribd.com
182,Shawn,Ishaki,sishaki51@virginia.edu
183,Killian,Braunfeld,kbraunfeld52@bbb.org
184,Ranee,Aartsen,raartsen53@accuweather.com
185,Trudi,Asple,tasple54@gmpg.org
186,Roderich,Hazeup,rhazeup55@mail.ru
187,Monroe,Veevers,mveevers56@homestead.com
188,Enriqueta,Costi,ecosti57@timesonline.co.uk
189,Patrice,Stadden,pstadden58@java.com
190,Sorcha,Alcock,salcock59@flavors.me
191,Templeton,Foulis,tfoulis5a@newyorker.com
192,Frans,Sellner,fsellner5b@chicagotribune.com
193,Marsha,Tulloch,mtulloch5c@twitpic.com
194,Annabela,Cadore,acadore5d@fda.gov
195,Tyrus,Clampin,tclampin5e@mapquest.com
196,Rheta,Crownshaw,rcrownshaw5f@live.com
197,Georgy,Nutkin,gnutkin5g@zdnet.com
198,Jakob,Attwoull,jattwoull5h@walmart.com
199,Lilla,Sackes,lsackes5i@alexa.com
200,Charmine,Tremmil,ctremmil5j@cbsnews.com
201,Maribelle,Ledington,mledington5k@wordpress.com
202,Tyrus,Alvaro,talvaro5l@uiuc.edu
203,Kariotta,Gothliff,kgothliff5m@nih.gov
204,Dre,Willey,dwilley5n@ocn.ne.jp
205,Steffane,Silburn,ssilburn5o@ucla.edu
206,Olga,Klimowicz,oklimowicz5p@eventbrite.com
207,Edward,Heater,eheater5q@lulu.com
208,Felisha,Garn,fgarn5r@posterous.com
209,Maryrose,Dicky,mdicky5s@shutterfly.com
210,Connie,Wayon,cwayon5t@berkeley.edu
211,Olga,Fynes,ofynes5u@indiatimes.com
212,Waylin,Rainford,wrainford5v@harvard.edu
213,Aksel,Glanfield,aglanfield5w@zimbio.com
214,Maryanne,Rothschild,mrothschild5x@arstechnica.com
215,Ivor,Miall,imiall5y@auda.org.au
216,Veronique,Perrycost,vperrycost5z@flickr.com
217,Nathanial,Capstake,ncapstake60@timesonline.co.uk
218,Obadiah,Halley,ohalley61@smugmug.com
219,Wald,Golling,wgolling62@uiuc.edu
220,Gannon,Shaddock,gshaddock63@myspace.com
221,Luciano,Eltringham,leltringham64@icq.com
222,Gustavo,Skpsey,gskpsey65@hao123.com
223,Beverlee,Sandaver,bsandaver66@clickbank.net
224,Jan,Gisburn,jgisburn67@google.com.au
225,Kettie,Lewisham,klewisham68@bbb.org
226,Ive,Deller,ideller69@fotki.com
227,Svend,Hackwell,shackwell6a@chron.com
228,Rockwell,Toft,rtoft6b@redcross.org
229,Klaus,Lowson,klowson6c@nature.com
230,Lily,Josifovitz,ljosifovitz6d@skyrock.com
231,Bron,Schneider,bschneider6e@geocities.com
232,Chen,Tabor,ctabor6f@engadget.com
233,Lucilia,Agate,lagate6g@sun.com
234,Berte,Tibbs,btibbs6h@weather.com
235,Luella,Backshaw,lbackshaw6i@bigcartel.com
236,Wynn,Littleover,wlittleover6j@ihg.com
237,Elianore,Tremmel,etremmel6k@skype.com
238,Osbert,Veregan,overegan6l@howstuffworks.com
239,Sheena,Fruchter,sfruchter6m@cbslocal.com
240,Byron,Butchard,bbutchard6n@reference.com
241,Michel,Peers,mpeers6o@hostgator.com
242,Darb,Lippi,dlippi6p@devhub.com
243,Joelly,Fleckness,jfleckness6q@artisteer.com
244,Alfi,Kemster,akemster6r@pen.io
245,Omar,McIlwraith,omcilwraith6s@cyberchimps.com
246,Mannie,Greenhaugh,mgreenhaugh6t@mozilla.com
247,Hogan,O'Lahy,holahy6u@cbslocal.com
248,Con,Bascombe,cbascombe6v@tinyurl.com
249,Claudetta,Hallowes,challowes6w@shareasale.com
250,Gordon,Greser,ggreser6x@reference.com
251,Cly,Durnan,cdurnan6y@imgur.com
252,Bertram,Albrooke,balbrooke6z@printfriendly.com
253,Florian,Tuckie,ftuckie70@marketwatch.com
254,Adolpho,Purveys,apurveys71@hexun.com
255,Gav,Pippin,gpippin72@surveymonkey.com
256,Catherina,Malicki,cmalicki73@google.pl
257,Rance,Traill,rtraill74@unicef.org
258,Lolita,Abbs,labbs75@rediff.com
259,Winfield,Brugger,wbrugger76@fotki.com
260,Elly,Trazzi,etrazzi77@huffingtonpost.com
261,Crysta,Kobierski,ckobierski78@omniture.com
262,Pietra,Ridett,pridett79@theguardian.com
263,Richy,Ganter,rganter7a@chronoengine.com
264,Caryl,Bardnam,cbardnam7b@devhub.com
265,Marget,Onn,monn7c@baidu.com
266,Kameko,Bulluck,kbulluck7d@photobucket.com
267,Karyn,Ather,kather7e@nature.com
268,Hillie,Jessup,hjessup7f@technorati.com
269,Kacy,Tomsett,ktomsett7g@amazon.com
270,Ardra,Huie,ahuie7h@list-manage.com
271,Chan,Freyn,cfreyn7i@tripod.com
272,Sergei,Piris,spiris7j@berkeley.edu
273,Clayborn,Bentjens,cbentjens7k@nhs.uk
274,Sonni,Gyves,sgyves7l@java.com
275,Marybelle,Kloska,mkloska7m@wsj.com
276,Rand,Petrillo,rpetrillo7n@ucla.edu
277,Irma,Klesse,iklesse7o@a8.net
278,Abram,McGlew,amcglew7p@businessweek.com
279,Aldric,Bromont,abromont7q@blogger.com
280,Betty,Craighall,bcraighall7r@walmart.com
281,Ruggiero,Twidell,rtwidell7s@weibo.com
282,Kalila,Metzke,kmetzke7t@list-manage.com
283,Torrence,Guillard,tguillard7u@acquirethisname.com
284,Mirabelle,Bonder,mbonder7v@wix.com
285,Edgardo,Guillou,eguillou7w@blinklist.com
286,Flinn,Connerly,fconnerly7x@unicef.org
287,Faber,Salmond,fsalmond7y@huffingtonpost.com
288,Mercy,Fairburne,mfairburne7z@theguardian.com
289,Ana,Ruthven,aruthven80@google.es
290,Maitilde,Heustice,mheustice81@hatena.ne.jp
291,Corine,Bolletti,cbolletti82@jigsy.com
292,Torry,Seagar,tseagar83@hao123.com
293,Xymenes,Mamwell,xmamwell84@intel.com
294,Zeb,Tewes,ztewes85@parallels.com
295,Libbi,Kyttor,lkyttor86@tripod.com
296,Zaneta,Yorke,zyorke87@stumbleupon.com
297,Meredith,Staines,mstaines88@washingtonpost.com
298,Syd,Saddler,ssaddler89@reddit.com
299,Kinny,Reckhouse,kreckhouse8a@thetimes.co.uk
300,Marget,Wilmot,mwilmot8b@telegraph.co.uk
301,Francklin,Barenskie,fbarenskie8c@fastcompany.com
302,Grata,Bansal,gbansal8d@ehow.com
303,Brooks,Headington,bheadington8e@theatlantic.com
304,Sascha,Cornfoot,scornfoot8f@wp.com
305,Leonora,Sibille,lsibille8g@theatlantic.com
306,Carol-jean,Pedder,cpedder8h@youku.com
307,Otes,Hammonds,ohammonds8i@networkadvertising.org
308,Antonio,Leachman,aleachman8j@auda.org.au
309,Padgett,Fanner,pfanner8k@biglobe.ne.jp
310,Rea,Saunder,rsaunder8l@usa.gov
311,Courtnay,Reuter,creuter8m@thetimes.co.uk
312,Bertine,Ridewood,bridewood8n@ameblo.jp
313,Fredia,Pettiward,fpettiward8o@senate.gov
314,Ginger,Schelle,gschelle8p@stumbleupon.com
315,Briana,Bebbell,bbebbell8q@squarespace.com
316,Emily,Leonarde,eleonarde8r@globo.com
317,Hephzibah,Littrell,hlittrell8s@yandex.ru
318,Shirlee,Tansley,stansley8t@1und1.de
319,Krissy,Bockmann,kbockmann8u@bravesites.com
320,Ree,Trattles,rtrattles8v@biglobe.ne.jp
321,Sibylla,McRavey,smcravey8w@hibu.com
322,Tandie,Greneham,tgreneham8x@cyberchimps.com
323,Elmira,Penhale,epenhale8y@bing.com
324,Ruthi,Norssister,rnorssister8z@ucsd.edu
325,Franklin,McDiarmid,fmcdiarmid90@fotki.com
326,Chiquia,Waith,cwaith91@hud.gov
327,Griffin,Cornford,gcornford92@opera.com
328,Pietrek,Dedham,pdedham93@reverbnation.com
329,Ninon,Phittiplace,nphittiplace94@facebook.com
330,Kiah,Meedendorpe,kmeedendorpe95@multiply.com
331,Caryl,Hryncewicz,chryncewicz96@mit.edu
332,Alena,Malthus,amalthus97@samsung.com
333,Rebecka,Balding,rbalding98@ibm.com
334,Sibylla,Buckoke,sbuckoke99@stanford.edu
335,Lilah,Rentz,lrentz9a@123-reg.co.uk
336,Georgetta,Iacomini,giacomini9b@spotify.com
337,Joy,Bellany,jbellany9c@nih.gov
338,Mozes,Edlyne,medlyne9d@eepurl.com
339,Wildon,Plewes,wplewes9e@naver.com
340,Wrennie,Bateman,wbateman9f@tripadvisor.com
341,Bennie,Godfrey,bgodfrey9g@yahoo.com
342,Waverly,Grosvener,wgrosvener9h@exblog.jp
343,Meggi,Stoffel,mstoffel9i@creativecommons.org
344,Web,Nials,wnials9j@seesaa.net
345,Karol,Ellerby,kellerby9k@salon.com
346,Pauly,Mityushkin,pmityushkin9l@meetup.com
347,Joann,Aspel,jaspel9m@imageshack.us
348,Alisa,Gaither,agaither9n@seesaa.net
349,Celestyn,Strover,cstrover9o@prnewswire.com
350,Murdock,Aiston,maiston9p@sbwire.com
351,Ulla,Rocks,urocks9q@yale.edu
352,Rafaello,Rouchy,rrouchy9r@hhs.gov
353,Tonye,Corley,tcorley9s@europa.eu
354,Cathlene,Caw,ccaw9t@google.com
355,Corrie,enzley,cenzley9u@shareasale.com
356,Napoleon,Lugton,nlugton9v@163.com
357,Essy,Reisk,ereisk9w@dot.gov
358,Rey,Flood,rflood9x@ocn.ne.jp
359,Demetria,Sedgwick,dsedgwick9y@hao123.com
360,Rheta,Salvage,rsalvage9z@uiuc.edu
361,Emmett,Challice,echallicea0@storify.com
362,Dix,Calderhead,dcalderheada1@acquirethisname.com
363,Vania,Craythorn,vcraythorna2@vistaprint.com
364,Myra,Pirouet,mpiroueta3@chicagotribune.com
365,Anatol,Kinze,akinzea4@virginia.edu
366,Isidore,Bezants,ibezantsa5@mapy.cz
367,Saree,Bolletti,sbollettia6@i2i.jp
368,Salim,Lelievre,slelievrea7@phoca.cz
369,Culley,Malyon,cmalyona8@github.com
370,Baxie,Licciardi,blicciardia9@arizona.edu
371,Sig,Longworthy,slongworthyaa@tamu.edu
372,Any,Comford,acomfordab@reuters.com
373,Devonna,Benedek,dbenedekac@msn.com
374,Burton,Whorton,bwhortonad@ovh.net
375,Sig,Wilshin,swilshinae@networksolutions.com
376,Rhoda,Dawkins,rdawkinsaf@amazon.co.uk
377,Alene,Fisher,afisherag@hhs.gov
378,Elie,Missen,emissenah@nhs.uk
379,Emmi,Widocks,ewidocksai@ft.com
380,Jana,Jessett,jjessettaj@amazon.co.uk
381,Wilbert,Rakes,wrakesak@blinklist.com
382,Genvieve,Bisco,gbiscoal@ucoz.com
383,Jany,Meaney,jmeaneyam@themeforest.net
384,Mair,Fernihough,mfernihoughan@multiply.com
385,Tove,Bonehill,tbonehillao@hp.com
386,Hyacinthia,Sturney,hsturneyap@house.gov
387,Rowland,Slad,rsladaq@chicagotribune.com
388,Alonzo,Persent,apersentar@hibu.com
389,Linc,Godridge,lgodridgeas@hc360.com
390,Rabbi,Cammocke,rcammockeat@imgur.com
391,Selene,Corness,scornessau@w3.org
392,Payton,Hedan,phedanav@dailymotion.com
393,Giorgia,Baldry,gbaldryaw@ucsd.edu
394,Connie,Mattacks,cmattacksax@google.ca
395,Quill,Davidovicz,qdavidoviczay@businesswire.com
396,Vi,Galbraeth,vgalbraethaz@ustream.tv
397,Clementia,Barwick,cbarwickb0@issuu.com
398,Adore,Gartell,agartellb1@boston.com
399,Milicent,Cullerne,mcullerneb2@photobucket.com
400,Pippa,Cousin,pcousinb3@miitbeian.gov.cn
401,Marin,Pauer,mpauerb4@plala.or.jp
402,Gabi,Downse,gdownseb5@patch.com
403,Chad,Freer,cfreerb6@ed.gov
404,Kelsi,Smalecombe,ksmalecombeb7@so-net.ne.jp
405,Larissa,Rubes,lrubesb8@harvard.edu
406,Octavia,Oag,ooagb9@seesaa.net
407,Efrem,Hawtrey,ehawtreyba@java.com
408,Rod,MacCombe,rmaccombebb@spiegel.de
409,Neilla,Snalum,nsnalumbc@msu.edu
410,Justis,Stanistreet,jstanistreetbd@tripadvisor.com
411,Krishnah,Allibon,kallibonbe@un.org
412,Nata,Ruspine,nruspinebf@miibeian.gov.cn
413,Antoinette,Pharro,apharrobg@admin.ch
414,Karilynn,Vousden,kvousdenbh@wikia.com
415,Thaxter,Sisnett,tsisnettbi@hp.com
416,Bibbie,Few,bfewbj@comsenz.com
417,Hilly,Saich,hsaichbk@cocolog-nifty.com
418,Dulcia,McIlheran,dmcilheranbl@netscape.com
419,Maje,Astles,mastlesbm@nyu.edu
420,Goddard,Cuttell,gcuttellbn@engadget.com
421,Jackelyn,Vondruska,jvondruskabo@furl.net
422,Roxana,Aish,raishbp@dmoz.org
423,Rubetta,Aireton,rairetonbq@blog.com
424,Eugenio,Aymeric,eaymericbr@sourceforge.net
425,Doralynn,Yushin,dyushinbs@youku.com
426,Ole,Caesman,ocaesmanbt@ftc.gov
427,Rina,Vawton,rvawtonbu@bandcamp.com
428,Eleanor,Askie,easkiebv@chron.com
429,Parsifal,Jellett,pjellettbw@smh.com.au
430,Marjory,Josifovic,mjosifovicbx@illinois.edu
431,Abigael,Hoodless,ahoodlessby@spiegel.de
432,Jourdan,Liddle,jliddlebz@adobe.com
433,Cordy,Randalson,crandalsonc0@bandcamp.com
434,Percival,Cello,pcelloc1@oaic.gov.au
435,Clarissa,Stansbie,cstansbiec2@nih.gov
436,Wallis,Gregoletti,wgregolettic3@webs.com
437,Winfield,Licence,wlicencec4@ask.com
438,Lou,De Winton,ldewintonc5@issuu.com
439,Natale,Rodway,nrodwayc6@statcounter.com
440,Kristina,Woodrow,kwoodrowc7@ox.ac.uk
441,Eberhard,Brough,ebroughc8@creativecommons.org
442,Jakob,Hanscomb,jhanscombc9@bloglines.com
443,Charlotta,Romanin,cromaninca@oracle.com
444,Jourdain,Soltan,jsoltancb@reuters.com
445,Job,Adrien,jadriencc@seattletimes.com
446,Peder,Allenson,pallensoncd@unicef.org
447,Orella,Housego,ohousegoce@salon.com
448,Ethan,McKeeman,emckeemancf@merriam-webster.com
449,Domeniga,Mancell,dmancellcg@accuweather.com
450,Padgett,Brudenell,pbrudenellch@reddit.com
451,Dedra,Bickardike,dbickardikeci@wikimedia.org
452,Florinda,Denacamp,fdenacampcj@hibu.com
453,Mal,Ousbie,mousbieck@reverbnation.com
454,Julina,Troughton,jtroughtoncl@yandex.ru
455,Donall,Campo,dcampocm@netscape.com
456,Sophronia,Mallinson,smallinsoncn@netscape.com
457,Dion,Craddock,dcraddockco@npr.org
458,Shirline,Bramley,sbramleycp@mozilla.org
459,Nicol,Lockhart,nlockhartcq@usgs.gov
460,Ruthanne,Pleven,rplevencr@tripod.com
461,Gilbertine,Linney,glinneycs@pinterest.com
462,Codi,Varley,cvarleyct@independent.co.uk
463,Elinore,Bavage,ebavagecu@pbs.org
464,Clo,Naismith,cnaismithcv@jalbum.net
465,Gherardo,Gatecliff,ggatecliffcw@blogspot.com
466,Dermot,Adamowitz,dadamowitzcx@amazon.com
467,Monroe,Stit,mstitcy@cargocollective.com
468,Kimbra,Figurski,kfigurskicz@google.fr
469,Niven,Annes,nannesd0@sciencedaily.com
470,Alfy,Gissing,agissingd1@xrea.com
471,Llywellyn,Melia,lmeliad2@nhs.uk
472,Maure,Shankland,mshanklandd3@acquirethisname.com
473,Rikki,Sainthill,rsainthilld4@zdnet.com
474,Faustine,Mattingly,fmattinglyd5@dmoz.org
475,Daisie,Hullot,dhullotd6@photobucket.com
476,Adrien,O'Keefe,aokeefed7@blogspot.com
477,Janna,MacNockater,jmacnockaterd8@tiny.cc
478,Rozele,Eouzan,reouzand9@cocolog-nifty.com
479,Jodi,Trowel,jtrowelda@ucoz.com
480,Barclay,Branca,bbrancadb@bing.com
481,Horatio,McEvay,hmcevaydc@telegraph.co.uk
482,Rosanna,O'Gormally,rogormallydd@google.com.br
483,Wenonah,Pree,wpreede@economist.com
484,Grange,Gate,ggatedf@vimeo.com
485,Pace,Ragot,pragotdg@unesco.org
486,Merridie,Chessell,mchesselldh@webmd.com
487,Conchita,Espinho,cespinhodi@phoca.cz
488,Cassaundra,Spier,cspierdj@ucsd.edu
489,Dareen,Winn,dwinndk@youtu.be
490,Chic,Echalie,cechaliedl@com.com
491,Pamelina,Talks,ptalksdm@google.ca
492,Vladimir,Bremen,vbremendn@intel.com
493,Moore,Keemer,mkeemerdo@squidoo.com
494,Isabelita,Hauger,ihaugerdp@adobe.com
495,Ellis,McTrustie,emctrustiedq@weather.com
496,Chrissie,Scawton,cscawtondr@yellowpages.com
497,Beverley,Neesham,bneeshamds@timesonline.co.uk
498,Verge,Buxsey,vbuxseydt@oakley.com
499,Edd,Bartalin,ebartalindu@nature.com
500,Alessandra,Withey,awitheydv@amazon.co.jp
501,Tally,Ruse,trusedw@toplist.cz
502,Esme,Fliege,efliegedx@unicef.org
503,Vallie,Tassaker,vtassakerdy@admin.ch
504,Anett,Hedger,ahedgerdz@engadget.com
505,Hestia,Casine,hcasinee0@aboutads.info
506,Gabie,Dungee,gdungeee1@si.edu
507,Brandon,Rawdall,brawdalle2@auda.org.au
508,Lisle,Olliar,lolliare3@disqus.com
509,Hiram,Reen,hreene4@japanpost.jp
510,Brnaba,Chazerand,bchazerande5@indiegogo.com
511,Diarmid,Gras,dgrase6@jugem.jp
512,Marylou,Aneley,maneleye7@nhs.uk
513,Beverlie,Achrameev,bachrameeve8@boston.com
514,Hansiain,Danielsson,hdanielssone9@ustream.tv
515,Emerson,Orrin,eorrinea@wikispaces.com
516,Aura,Danilovitch,adanilovitcheb@nbcnews.com
517,Umeko,Hudleston,uhudlestonec@oaic.gov.au
518,Maggi,Chippendale,mchippendaleed@illinois.edu
519,Butch,Rubenfeld,brubenfeldee@163.com
520,Tobey,Desborough,tdesboroughef@skype.com
521,Shaine,Svanini,ssvaninieg@mapy.cz
522,Samuel,Cescot,scescoteh@t.co
523,Jethro,Wildish,jwildishei@purevolume.com
524,Brianne,Ellerman,bellermanej@ameblo.jp
525,Ragnar,Davidoff,rdavidoffek@psu.edu
526,Judd,Frackiewicz,jfrackiewiczel@toplist.cz
527,Monte,Stuckley,mstuckleyem@networkadvertising.org
528,Sean,Roskrug,sroskrugen@nhs.uk
529,Jacki,Loyns,jloynseo@people.com.cn
530,Van,Bau,vbauep@si.edu
531,Salvidor,Schubuser,sschubusereq@hibu.com
532,Aili,Curmi,acurmier@eventbrite.com
533,Mohandas,Collis,mcollises@pbs.org
534,Dallas,Ateggart,dateggartet@umn.edu
535,Conrad,Muscott,cmuscotteu@cornell.edu
536,Amitie,Woodworth,awoodworthev@hhs.gov
537,Pandora,Guilloton,pguillotonew@prlog.org
538,Hardy,Prati,hpratiex@utexas.edu
539,Kirk,Koppes,kkoppesey@miitbeian.gov.cn
540,Ginny,Vankov,gvankovez@si.edu
541,Roland,Rubinshtein,rrubinshteinf0@de.vu
542,Tabbatha,Sirrell,tsirrellf1@unblog.fr
543,Rory,Orton,rortonf2@smugmug.com
544,Veda,Kennington,vkenningtonf3@ycombinator.com
545,Brantley,Doige,bdoigef4@devhub.com
546,Timmie,Cheasman,tcheasmanf5@opera.com
547,Yuri,Mandifield,ymandifieldf6@github.io
548,Bailie,Eastmond,beastmondf7@amazon.co.uk
549,Maurie,Ciccetti,mciccettif8@washington.edu
550,Felipa,Barker,fbarkerf9@ask.com
551,Marnia,Simonini,msimoninifa@seesaa.net
552,Quinton,Lawrenceson,qlawrencesonfb@networkadvertising.org
553,Isak,Bywaters,ibywatersfc@over-blog.com
554,Happy,Tattershall,htattershallfd@naver.com
555,Therine,Housegoe,thousegoefe@sogou.com
556,Carlin,Smallsman,csmallsmanff@tumblr.com
557,Thacher,Uglow,tuglowfg@jalbum.net
558,Skylar,Reinisch,sreinischfh@typepad.com
559,Chandal,Guilbert,cguilbertfi@naver.com
560,Chase,Oakland,coaklandfj@narod.ru
561,Dagny,Cardon,dcardonfk@ed.gov
562,Gweneth,Labbez,glabbezfl@list-manage.com
563,Khalil,Keneforde,kkenefordefm@yahoo.co.jp
564,Hillier,Cella,hcellafn@google.pl
565,Rubetta,McKeowon,rmckeowonfo@jigsy.com
566,Olivette,Fransseni,ofranssenifp@ning.com
567,Maitilde,Sacase,msacasefq@buzzfeed.com
568,Alexia,Darcy,adarcyfr@nba.com
569,Alleen,Aldridge,aaldridgefs@nih.gov
570,Aeriela,Randles,arandlesft@about.com
571,Norton,Geard,ngeardfu@nationalgeographic.com
572,Keene,Boon,kboonfv@theglobeandmail.com
573,Zsazsa,Geggie,zgeggiefw@cpanel.net
574,Brooke,Matzke,bmatzkefx@csmonitor.com
575,Julie,Royste,jroystefy@ihg.com
576,Corbie,Noke,cnokefz@ebay.co.uk
577,Nonah,Ryland,nrylandg0@opensource.org
578,Tasha,Saffin,tsaffing1@smh.com.au
579,Brynna,Diben,bdibeng2@economist.com
580,Ernaline,Comolli,ecomollig3@ft.com
581,Ray,Pascall,rpascallg4@storify.com
582,Shandy,Le Barr,slebarrg5@microsoft.com
583,Rosana,Spadaro,rspadarog6@pen.io
584,Dennis,Shawell,dshawellg7@fc2.com
585,Devondra,Rosenthal,drosenthalg8@hc360.com
586,Montague,Bleackley,mbleackleyg9@bing.com
587,Seth,Kliemchen,skliemchenga@adobe.com
588,Aubry,Eim,aeimgb@tripod.com
589,Leupold,Platt,lplattgc@alexa.com
590,Lombard,Streets,lstreetsgd@ovh.net
591,Kati,Boulder,kboulderge@theatlantic.com
592,Maggee,Hunnaball,mhunnaballgf@dion.ne.jp
593,Jonis,Trowell,jtrowellgg@a8.net
594,Jehanna,Vint,jvintgh@spiegel.de
595,Kaycee,Krook,kkrookgi@miibeian.gov.cn
596,Ulberto,Gwin,ugwingj@bravesites.com
597,Trumaine,Franzotto,tfranzottogk@homestead.com
598,Winnifred,Raspel,wraspelgl@berkeley.edu
599,Ladonna,Agglio,laggliogm@cafepress.com
600,Jonie,Greally,jgreallygn@creativecommons.org
601,Pooh,Jori,pjorigo@unesco.org
602,Meier,Morgan,mmorgangp@state.tx.us
603,Cherise,Roback,crobackgq@clickbank.net
604,Odille,Groarty,ogroartygr@prweb.com
605,Eolande,Tommis,etommisgs@weibo.com
606,Wittie,Handrek,whandrekgt@usatoday.com
607,Justin,Whatham,jwhathamgu@reuters.com
608,Sibby,Sarjent,ssarjentgv@gravatar.com
609,Tiffany,Frondt,tfrondtgw@hexun.com
610,Foster,Ranklin,franklingx@dailymail.co.uk
611,Lombard,Kebbell,lkebbellgy@blogtalkradio.com
612,Damaris,Saiger,dsaigergz@meetup.com
613,Rufe,Bilbery,rbilberyh0@nymag.com
614,Cosme,Alan,calanh1@opensource.org
615,Armstrong,Buckenhill,abuckenhillh2@utexas.edu
616,Christi,Warsap,cwarsaph3@netscape.com
617,Margi,Walsh,mwalshh4@unc.edu
618,Georgianne,Halladay,ghalladayh5@shareasale.com
619,Averell,Sutherington,asutheringtonh6@intel.com
620,Carlene,Ruddy,cruddyh7@jugem.jp
621,Yuri,Lodevick,ylodevickh8@spiegel.de
622,Inez,Mandres,imandresh9@jalbum.net
623,Prentice,Streeter,pstreeterha@cisco.com
624,Truman,Danielli,tdaniellihb@stanford.edu
625,Wylma,Farman,wfarmanhc@independent.co.uk
626,Brandea,Lacoste,blacostehd@nsw.gov.au
627,Tanya,Broadbere,tbroadberehe@rakuten.co.jp
628,Stavro,Donaldson,sdonaldsonhf@cargocollective.com
629,Peirce,Frankum,pfrankumhg@mlb.com
630,Bambi,Keeley,bkeeleyhh@naver.com
631,Margaretha,Dunlop,mdunlophi@toplist.cz
632,Corby,Wince,cwincehj@jiathis.com
633,Elia,Newdick,enewdickhk@dmoz.org
634,Waite,McFadden,wmcfaddenhl@mysql.com
635,Salvador,Orum,sorumhm@hibu.com
636,Ira,Lewsley,ilewsleyhn@furl.net
637,Aleda,Rive,ariveho@noaa.gov
638,Chrissy,Molesworth,cmolesworthhp@storify.com
639,Tasia,Eckery,teckeryhq@vistaprint.com
640,Windy,Jouaneton,wjouanetonhr@webeden.co.uk
641,Sadella,Buntain,sbuntainhs@twitpic.com
642,Lombard,Jelphs,ljelphsht@amazon.de
643,Mohandis,Westover,mwestoverhu@adobe.com
644,Winny,Meenehan,wmeenehanhv@weather.com
645,Yasmeen,Bartel,ybartelhw@dell.com
646,Loraine,Katte,lkattehx@tinyurl.com
647,Alvin,Farries,afarrieshy@japanpost.jp
648,Silvia,Mazzilli,smazzillihz@reuters.com
649,Arabelle,Dury,aduryi0@ehow.com
650,Babara,Headly,bheadlyi1@techcrunch.com
651,Ashli,Keaveney,akeaveneyi2@php.net
652,Lenci,Murdy,lmurdyi3@hc360.com
653,Felizio,Klyn,fklyni4@wikispaces.com
654,Priscella,Twede,ptwedei5@hexun.com
655,Peggy,Bosnell,pbosnelli6@cbc.ca
656,Lorianne,McNirlan,lmcnirlani7@accuweather.com
657,Louis,Burnyeat,lburnyeati8@wufoo.com
658,Hort,Banke,hbankei9@shutterfly.com
659,Todd,Frankling,tfranklingia@yahoo.com
660,Artair,Pallis,apallisib@tripadvisor.com
661,Rochelle,Creeboe,rcreeboeic@paypal.com
662,Philbert,Pickering,ppickeringid@tripadvisor.com
663,Corey,Severy,cseveryie@yellowbook.com
664,Carmita,Enos,cenosif@tinypic.com
665,Hale,Winskill,hwinskillig@archive.org
666,Sisely,Paris,sparisih@blog.com
667,Birgitta,Tournie,btournieii@webnode.com
668,Harper,Baxstare,hbaxstareij@spiegel.de
669,Deedee,Biggins,dbigginsik@msn.com
670,Wallas,Spurdens,wspurdensil@reuters.com
671,Myrlene,Cogley,mcogleyim@ucoz.ru
672,Carlyn,Geroldini,cgeroldiniin@hibu.com
673,Amargo,Cheatle,acheatleio@printfriendly.com
674,Chandra,Hawney,chawneyip@bbb.org
675,Jens,Mannock,jmannockiq@mit.edu
676,Ennis,Staneland,estanelandir@bloglovin.com
677,Shani,Astley,sastleyis@jiathis.com
678,Trish,Pinfold,tpinfoldit@wisc.edu
679,Susannah,Strangwood,sstrangwoodiu@naver.com
680,Justino,McKeney,jmckeneyiv@bbb.org
681,Milton,Egan,meganiw@seesaa.net
682,Katrine,Troop,ktroopix@ca.gov
683,Marcella,Pankethman,mpankethmaniy@jugem.jp
684,Ferdie,Wipfler,fwipfleriz@toplist.cz
685,Ransom,Gianilli,rgianillij0@washingtonpost.com
686,Emelen,Fanner,efannerj1@sitemeter.com
687,Christel,Franey,cfraneyj2@unc.edu
688,Elaine,Collymore,ecollymorej3@ca.gov
689,Ella,Fitchett,efitchettj4@github.io
690,Lyda,Bessey,lbesseyj5@w3.org
691,Wat,Lippini,wlippinij6@sphinn.com
692,Selena,Merrington,smerringtonj7@dot.gov
693,Gaspar,Garton,ggartonj8@blogspot.com
694,Kandace,Shalloe,kshalloej9@bbb.org
695,Vanda,Peartree,vpeartreeja@pagesperso-orange.fr
696,Carmelle,Bawdon,cbawdonjb@soup.io
697,Raviv,Liverseege,rliverseegejc@tamu.edu
698,Paton,Medlin,pmedlinjd@goodreads.com
699,Janet,Tomasello,jtomaselloje@indiegogo.com
700,Jaimie,Waggatt,jwaggattjf@clickbank.net
701,Yevette,Skeats,yskeatsjg@sakura.ne.jp
702,Abbey,Huggard,ahuggardjh@stanford.edu
703,Bartlett,Mawman,bmawmanji@blogtalkradio.com
704,Amelita,Nyland,anylandjj@ifeng.com
705,Gal,Maciunas,gmaciunasjk@mediafire.com
706,Gil,Bazeley,gbazeleyjl@auda.org.au
707,Margette,Harly,mharlyjm@typepad.com
708,Shandeigh,Strelitzer,sstrelitzerjn@people.com.cn
709,Paco,Webburn,pwebburnjo@sciencedaily.com
710,Farlee,Clemo,fclemojp@businesswire.com
711,Haroun,Millier,hmillierjq@mail.ru
712,Perice,Pentony,ppentonyjr@google.co.jp
713,Starr,Feild,sfeildjs@omniture.com
714,Fancy,Soall,fsoalljt@tamu.edu
715,Sapphire,Picker,spickerju@ezinearticles.com
716,Win,Wraight,wwraightjv@intel.com
717,Clerissa,McGilbon,cmcgilbonjw@virginia.edu
718,Francesca,Jacobson,fjacobsonjx@irs.gov
719,Shaylah,Trammel,strammeljy@chron.com
720,Linnea,Batalini,lbatalinijz@mapquest.com
721,Vina,Enderby,venderbyk0@foxnews.com
722,Olivier,Doyland,odoylandk1@homestead.com
723,Adore,Spratt,asprattk2@time.com
724,Aurea,Wodeland,awodelandk3@who.int
725,Derril,Pattlel,dpattlelk4@craigslist.org
726,Suzy,Herreran,sherrerank5@guardian.co.uk
727,Alisander,Laffling,alafflingk6@techcrunch.com
728,Matthias,Cissen,mcissenk7@google.it
729,Skylar,Wibrew,swibrewk8@examiner.com
730,Jermaine,Birney,jbirneyk9@tripadvisor.com
731,Aleece,Boskell,aboskellka@mapquest.com
732,Agneta,Billitteri,abillitterikb@home.pl
733,Deck,Anthon,danthonkc@hao123.com
734,Sosanna,Ockland,socklandkd@foxnews.com
735,Aida,Crutchley,acrutchleyke@google.cn
736,Cally,Blaszczyk,cblaszczykkf@php.net
737,Antonino,Caselick,acaselickkg@europa.eu
738,Maryrose,MacTrustrie,mmactrustriekh@imageshack.us
739,Dalt,Neno,dnenoki@nps.gov
740,Duke,Mordecai,dmordecaikj@devhub.com
741,Cheslie,Gunnell,cgunnellkk@sciencedaily.com
742,Leupold,Bouzek,lbouzekkl@amazon.de
743,Dela,Rudram,drudramkm@tinypic.com
744,Aggy,Cobley,acobleykn@technorati.com
745,Stefano,Dowdell,sdowdellko@about.com
746,Bernardine,Tanton,btantonkp@xrea.com
747,Thomasin,Burgott,tburgottkq@facebook.com
748,Russell,Baud,rbaudkr@tripadvisor.com
749,Dame,Lippett,dlippettks@harvard.edu
750,Lorry,Eton,letonkt@mac.com
751,Mariann,Barks,mbarksku@icq.com
752,Gordie,Montel,gmontelkv@msu.edu
753,Dory,Percy,dpercykw@bluehost.com
754,Kore,Santry,ksantrykx@dell.com
755,Aldus,Fortin,afortinky@icio.us
756,Bowie,Garrould,bgarrouldkz@globo.com
757,Gunner,Shayes,gshayesl0@acquirethisname.com
758,Juliet,De Zamudio,jdezamudiol1@chron.com
759,Elsi,Philpotts,ephilpottsl2@comsenz.com
760,Homerus,Zaple,hzaplel3@utexas.edu
761,Crichton,Rigglesford,crigglesfordl4@diigo.com
762,Langsdon,Crocker,lcrockerl5@infoseek.co.jp
763,Con,Duberry,cduberryl6@cbc.ca
764,Tymothy,Donn,tdonnl7@kickstarter.com
765,Farrand,Bleakley,fbleakleyl8@telegraph.co.uk
766,Fidelia,Angove,fangovel9@fda.gov
767,Anders,Bowe,abowela@ning.com
768,Madelin,Guly,mgulylb@trellian.com
769,Merrilee,Hilling,mhillinglc@pagesperso-orange.fr
770,Phyllida,Frostdicke,pfrostdickeld@ucoz.com
771,Andie,Dinnage,adinnagele@patch.com
772,Ninette,Fayne,nfaynelf@time.com
773,Meir,Simants,msimantslg@mediafire.com
774,Bennett,Penketh,bpenkethlh@ihg.com
775,Katrinka,Burry,kburryli@soup.io
776,Wallis,Paula,wpaulalj@163.com
777,Paola,Dalgarno,pdalgarnolk@xrea.com
778,Joby,Bagniuk,jbagniukll@unc.edu
779,Francklyn,Huttley,fhuttleylm@artisteer.com
780,Alecia,Simonnot,asimonnotln@digg.com
781,Michaeline,Caldera,mcalderalo@51.la
782,Sapphire,Chaffyn,schaffynlp@ucoz.com
783,Zach,Bettesworth,zbettesworthlq@digg.com
784,Sibley,Gillard,sgillardlr@clickbank.net
785,Reggis,Shale,rshalels@ifeng.com
786,Lisle,Ewell,lewelllt@wix.com
787,Kirstyn,Whitmell,kwhitmelllu@amazonaws.com
788,Davis,Bennit,dbennitlv@woothemes.com
789,Grayce,Zoellner,gzoellnerlw@pen.io
790,Dee dee,Burney,dburneylx@howstuffworks.com
791,Bonny,Mackley,bmackleyly@surveymonkey.com
792,Harley,Verbeke,hverbekelz@livejournal.com
793,Melisandra,Sapshed,msapshedm0@ed.gov
794,Berti,Fragino,bfraginom1@toplist.cz
795,Tynan,Winsbury,twinsburym2@zimbio.com
796,Eda,Planks,eplanksm3@ft.com
797,Maryrose,Rounding,mroundingm4@lulu.com
798,Paula,Renner,prennerm5@scribd.com
799,Celia,Matchett,cmatchettm6@usda.gov
800,Leslie,Ludovico,lludovicom7@topsy.com
801,Florida,Rraundl,frraundlm8@123-reg.co.uk
802,Mervin,Cossentine,mcossentinem9@yahoo.com
803,Cyndy,Cogzell,ccogzellma@multiply.com
804,Rosalind,Biswell,rbiswellmb@hhs.gov
805,Evin,Edgeworth,eedgeworthmc@cmu.edu
806,Murdoch,Harmstone,mharmstonemd@godaddy.com
807,Rasla,Clement,rclementme@newsvine.com
808,Bartholomew,Bruyett,bbruyettmf@wix.com
809,Ramona,Tenney,rtenneymg@ustream.tv
810,Guinna,Ulyat,gulyatmh@surveymonkey.com
811,Mildrid,Dallan,mdallanmi@mapy.cz
812,Thomasa,Parkin,tparkinmj@paginegialle.it
813,Ernaline,Vegas,evegasmk@baidu.com
814,Thaddeus,Sapsforde,tsapsfordeml@va.gov
815,Graehme,Shalliker,gshallikermm@sourceforge.net
816,Vidovic,Dwight,vdwightmn@360.cn
817,Bastien,Burgoine,bburgoinemo@odnoklassniki.ru
818,Giles,Carmont,gcarmontmp@webeden.co.uk
819,Friedrich,Charte,fchartemq@imageshack.us
820,Shelley,Blowen,sblowenmr@dyndns.org
821,Lindsay,Sinton,lsintonms@amazon.com
822,Sarene,Costanza,scostanzamt@google.com.au
823,Adan,Kix,akixmu@sohu.com
824,Winny,Drowsfield,wdrowsfieldmv@opera.com
825,Myriam,Jewess,mjewessmw@wordpress.com
826,Orson,Skinn,oskinnmx@wikipedia.org
827,Osbourn,Macci,omaccimy@360.cn
828,Wendye,McErlaine,wmcerlainemz@biblegateway.com
829,Maurise,O'Towey,motoweyn0@jimdo.com
830,Hester,Heindrick,hheindrickn1@canalblog.com
831,Lela,Abrahamian,labrahamiann2@xinhuanet.com
832,Lanie,Allwright,lallwrightn3@businessinsider.com
833,Shem,Tomik,stomikn4@liveinternet.ru
834,Natasha,Marcroft,nmarcroftn5@barnesandnoble.com
835,Lance,Renol,lrenoln6@bloglovin.com
836,Saba,Freegard,sfreegardn7@homestead.com
837,Calida,Riepl,criepln8@barnesandnoble.com
838,Delly,Ching,dchingn9@desdev.cn
839,Mariel,Dominetti,mdominettina@alibaba.com
840,Ingamar,MacAlpyne,imacalpynenb@1und1.de
841,Antons,Coate,acoatenc@utexas.edu
842,Darcey,Brattell,dbrattellnd@census.gov
843,Berti,Kleimt,bkleimtne@google.cn
844,Coop,Gabites,cgabitesnf@icio.us
845,Caren,Plevey,cpleveyng@biglobe.ne.jp
846,Cecilla,Ianitti,cianittinh@senate.gov
847,Lauree,Le Gassick,llegassickni@blogspot.com
848,Drusi,Muckart,dmuckartnj@tinyurl.com
849,Trstram,Boshard,tboshardnk@51.la
850,Tanney,Ornillos,tornillosnl@vkontakte.ru
851,Jemmy,Shadfourth,jshadfourthnm@census.gov
852,Starlin,Seide,sseidenn@histats.com
853,Tawnya,Rosie,trosieno@woothemes.com
854,Oates,Lille,olillenp@1688.com
855,Ali,Goudge,agoudgenq@weather.com
856,Cinda,Kenright,ckenrightnr@qq.com
857,Dodie,Lackemann,dlackemannns@cbslocal.com
858,Durand,Bradnock,dbradnocknt@japanpost.jp
859,Lianne,Scampion,lscampionnu@oaic.gov.au
860,Antonin,Tovey,atoveynv@alexa.com
861,Sherrie,Ivanisov,sivanisovnw@ow.ly
862,Whitney,Lanigan,wlanigannx@uiuc.edu
863,Davide,Vallerine,dvallerineny@ihg.com
864,Morgana,Thrift,mthriftnz@pcworld.com
865,Katerine,Scullion,ksculliono0@ucsd.edu
866,Bryce,Deener,bdeenero1@naver.com
867,Maurise,Leason,mleasono2@nba.com
868,Lyndy,Ivanonko,livanonkoo3@de.vu
869,Ruthann,Hullbrook,rhullbrooko4@spiegel.de
870,Joletta,Tytcomb,jtytcombo5@ebay.com
871,Hayden,Olyunin,holyunino6@seesaa.net
872,Florence,Ferriday,fferridayo7@vk.com
873,Kristopher,Frediani,kfredianio8@ezinearticles.com
874,Ruth,Hryniewicz,rhryniewiczo9@macromedia.com
875,Granger,Gridley,ggridleyoa@walmart.com
876,Catrina,Millwater,cmillwaterob@goo.ne.jp
877,Mala,Gomez,mgomezoc@furl.net
878,Hetti,Klimontovich,hklimontovichod@ycombinator.com
879,Randall,McBain,rmcbainoe@blinklist.com
880,Lorianna,Van Niekerk,lvanniekerkof@feedburner.com
881,Gerianna,Ahren,gahrenog@toplist.cz
882,Ferguson,Burnhard,fburnhardoh@census.gov
883,Seumas,De Bruijn,sdebruijnoi@xrea.com
884,Olivie,Corris,ocorrisoj@bizjournals.com
885,Allen,Igoe,aigoeok@deviantart.com
886,Cindelyn,Matzkaitis,cmatzkaitisol@wordpress.com
887,Saba,Withrop,swithropom@fotki.com
888,Noelle,Olerenshaw,nolerenshawon@tmall.com
889,Thain,Guiraud,tguiraudoo@4shared.com
890,Sisile,Cordova,scordovaop@ebay.co.uk
891,Evonne,Aspinell,easpinelloq@yelp.com
892,Lynn,Wilber,lwilberor@google.com.hk
893,Dorolisa,Kinsett,dkinsettos@walmart.com
894,Kelley,Merit,kmeritot@tuttocitta.it
895,Jocelyne,Lewisham,jlewishamou@shutterfly.com
896,Georg,Fitter,gfitterov@amazon.com
897,Ralph,Chedgey,rchedgeyow@thetimes.co.uk
898,Jere,Pencost,jpencostox@google.de
899,Alyce,Eggerton,aeggertonoy@blogger.com
900,Reed,Matantsev,rmatantsevoz@dyndns.org
901,Benoite,Steffans,bsteffansp0@narod.ru
902,Hedi,Attiwill,hattiwillp1@timesonline.co.uk
903,Sarita,Walesa,swalesap2@abc.net.au
904,Berne,Kasting,bkastingp3@over-blog.com
905,Scarlet,Bowller,sbowllerp4@rediff.com
906,Joni,Gomez,jgomezp5@alexa.com
907,Jeralee,Joicey,jjoiceyp6@mail.ru
908,Liuka,Stoaks,lstoaksp7@state.tx.us
909,Merrilee,Torrijos,mtorrijosp8@jalbum.net
910,Rena,Ferencz,rferenczp9@mayoclinic.com
911,Rowney,Croxall,rcroxallpa@ucoz.ru
912,Jefferey,Peschka,jpeschkapb@vk.com
913,Eyde,Bickerstasse,ebickerstassepc@aboutads.info
914,Jehu,Vivash,jvivashpd@typepad.com
915,Hilly,Semper,hsemperpe@opera.com
916,Brock,Dearlove,bdearlovepf@marketwatch.com
917,Davin,Cavanaugh,dcavanaughpg@discovery.com
918,Cindy,Talbot,ctalbotph@narod.ru
919,Ellie,Skewes,eskewespi@twitpic.com
920,Lissi,Book,lbookpj@studiopress.com
921,Joey,Stearn,jstearnpk@msu.edu
922,Robbert,Pleven,rplevenpl@stumbleupon.com
923,Mickey,Astridge,mastridgepm@berkeley.edu
924,Cam,Welbourn,cwelbournpn@diigo.com
925,Gayleen,De Souza,gdesouzapo@bloglines.com
926,Sibelle,Beautyman,sbeautymanpp@nydailynews.com
927,Ambrosio,Morit,amoritpq@tamu.edu
928,Elvis,Hollows,ehollowspr@sina.com.cn
929,Alicia,Stirling,astirlingps@techcrunch.com
930,Carlita,Meiningen,cmeiningenpt@shareasale.com
931,Jessamyn,Goodnow,jgoodnowpu@domainmarket.com
932,Romonda,Daudray,rdaudraypv@about.me
933,Odille,Gault,ogaultpw@google.es
934,Laurella,Cleland,lclelandpx@tinypic.com
935,Leda,Olivet,lolivetpy@businesswire.com
936,Che,Papis,cpapispz@yellowbook.com
937,Felicle,Few,ffewq0@nbcnews.com
938,Aron,Sedge,asedgeq1@facebook.com
939,Renata,O'Fallon,rofallonq2@wp.com
940,Tressa,Battye,tbattyeq3@mlb.com
941,Nathanil,Monteith,nmonteithq4@vimeo.com
942,Codee,Prestidge,cprestidgeq5@feedburner.com
943,Powell,Aspole,paspoleq6@stanford.edu
944,Evey,Shale,eshaleq7@wufoo.com
945,Cassie,Spaven,cspavenq8@etsy.com
946,Mirella,Coots,mcootsq9@instagram.com
947,Welsh,Edleston,wedlestonqa@census.gov
948,Maryl,Branford,mbranfordqb@freewebs.com
949,Charley,Millis,cmillisqc@google.com.hk
950,Joanne,Wolverson,jwolversonqd@globo.com
951,Caria,Horsefield,chorsefieldqe@disqus.com
952,Woody,Caffrey,wcaffreyqf@dailymotion.com
953,Myrwyn,Cuerdall,mcuerdallqg@wordpress.org
954,William,O' Sullivan,wosullivanqh@buzzfeed.com
955,Wayland,Bourton,wbourtonqi@goo.gl
956,Baxy,Aleksashin,baleksashinqj@blinklist.com
957,Faunie,Sheering,fsheeringqk@hostgator.com
958,Nellie,Haslum,nhaslumql@amazon.com
959,Nathalia,Raddin,nraddinqm@mtv.com
960,Conchita,Birt,cbirtqn@amazon.com
961,Anthia,O'Skehan,aoskehanqo@naver.com
962,Dotti,Marsie,dmarsieqp@shinystat.com
963,Eolanda,Kiossel,ekiosselqq@bloomberg.com
964,Luci,Havis,lhavisqr@stanford.edu
965,Claudie,Canto,ccantoqs@si.edu
966,Davin,Rapley,drapleyqt@walmart.com
967,Hartwell,Keigher,hkeigherqu@ask.com
968,Arlen,Vispo,avispoqv@csmonitor.com
969,Giffie,Picardo,gpicardoqw@yelp.com
970,Payton,Ledur,pledurqx@drupal.org
971,Ketti,Merricks,kmerricksqy@weibo.com
972,Maddy,Kiehne,mkiehneqz@csmonitor.com
973,Broddy,Corkel,bcorkelr0@psu.edu
974,Guglielma,Cropper,gcropperr1@csmonitor.com
975,Ulrich,Dursley,udursleyr2@ezinearticles.com
976,Paco,Bowcock,pbowcockr3@gravatar.com
977,Bernette,Greste,bgrester4@posterous.com
978,Evin,Kuschke,ekuschker5@weebly.com
979,Torie,Comben,tcombenr6@tmall.com
980,Myrtie,Canning,mcanningr7@netlog.com
981,Odessa,Johncey,ojohnceyr8@networkadvertising.org
982,Tanitansy,Drakeford,tdrakefordr9@ox.ac.uk
983,Queenie,Pieracci,qpieraccira@reuters.com
984,Ervin,Casbon,ecasbonrb@vinaora.com
985,Mendy,Bourthouloume,mbourthouloumerc@marketwatch.com
986,Martica,Halvosen,mhalvosenrd@hhs.gov
987,Antonietta,Taaffe,ataaffere@aboutads.info
988,Kim,Lapworth,klapworthrf@amazon.co.uk
989,Dave,Milmoe,dmilmoerg@biglobe.ne.jp
990,Marcellus,Zottoli,mzottolirh@state.gov
991,Bernette,Desvignes,bdesvignesri@tumblr.com
992,Adey,Jermyn,ajermynrj@homestead.com
993,Joe,Gwillyam,jgwillyamrk@lulu.com
994,Patricio,Davidovic,pdavidovicrl@moonfruit.com
995,Arleen,Pontain,apontainrm@auda.org.au
996,Jenni,Doberer,jdobererrn@surveymonkey.com
997,Eveleen,Buncher,ebuncherro@reuters.com
998,Waldemar,Oslar,woslarrp@gov.uk
999,Mikaela,Morrel,mmorrelrq@intel.com
1000,Pryce,Petrik,ppetrikrr@spotify.com
